"","seed","t","Premium"
"1",1,16.6099999999997,1.0692343362576
"2",2,15.8600000000006,1.046277278095
